{
    "style1001": [
        {
            "index": 0,
            "img": "1001_0.png"
        },
        {
            "index": 1,
            "img": "1001_1.png"
        },
     {
            "index": 2,
            "img": "1001_2.png"
        },
      {
            "index": 3,
            "img": "1001_3.png"
        },
      {
            "index": 4,
            "img": "1001_4.png"
        },
      {
            "index": 5,
            "img": "1001_5.png"
        },
     {
            "index": 6,
            "img": "1001_6.png"
        },
     {
            "index": 7,
            "img": "1001_7.png"
        }
    ],
    "tabbar": [
        {
            "index": 0,
            "imgPress": "0_0.png",
            "imgNormal": "0_1.png",
        "tvColorPress": "#B2B2B2",
        "tvColorNormal": "#DF3031"
        },
        {
            "index": 1,
            "imgPress": "1_0.png",
            "imgNormal": "1_1.png",
        "tvColorPress": "#B2B2B2",
        "tvColorNormal": "#DF3031"
        },
        {
            "index": 2,
            "imgPress": "2_0.png",
            "imgNormal": "2_1.png",
        "tvColorPress": "#B2B2B2",
        "tvColorNormal": "#DF3031"
        },
        {
           "index": 3,
           "imgPress": "3_0.png",
            "imgNormal": "3_1.png",
        "tvColorPress": "#B2B2B2",
        "tvColorNormal": "#DF3031"
        },
       {
            "index": 4,
            "imgPress": "4_0.png",
            "imgNormal": "4_1.png",
        "tvColorPress": "#B2B2B2",
        "tvColorNormal": "#DF3031"
        }
    ]
}
